ID Geography,Geography,Population (2018)
05000US72139,"Trujillo Alto Municipio, PR",63746
05000US39133,"Portage County, OH",162927
05000US39119,"Muskingum County, OH",86183
05000US01003,"Baldwin County, AL",218022
05000US39139,"Richland County, OH",121099
05000US39113,"Montgomery County, OH",532331
05000US39109,"Miami County, OH",106222
05000US39141,"Ross County, OH",76931
05000US01015,"Calhoun County, AL",114277
05000US72137,"Toa Baja Municipio, PR",74623
05000US39103,"Medina County, OH",179146
05000US39101,"Marion County, OH",65256
05000US01043,"Cullman County, AL",83442
05000US39145,"Scioto County, OH",75502
05000US39099,"Mahoning County, OH",229642
05000US39095,"Lucas County, OH",429899
05000US39151,"Stark County, OH",371574
05000US01049,"DeKalb County, AL",71385
05000US72135,"Toa Alta Municipio, PR",71094
05000US39093,"Lorain County, OH",309461
05000US39089,"Licking County, OH",175769
05000US01051,"Elmore County, AL",81887
05000US39153,"Summit County, OH",541918
05000US39085,"Lake County, OH",230514
05000US39081,"Jefferson County, OH",65767
05000US39155,"Trumbull County, OH",198627
05000US01055,"Etowah County, AL",102501
05000US72127,"San Juan Municipio, PR",320967
05000US39063,"Hancock County, OH",75930
05000US39061,"Hamilton County, OH",816684
05000US01069,"Houston County, AL",104722
05000US39157,"Tuscarawas County, OH",92176
05000US39057,"Greene County, OH",167995
05000US39055,"Geauga County, OH",94031
05000US39165,"Warren County, OH",232173
05000US01073,"Jefferson County, AL",659300
05000US72113,"Ponce Municipio, PR",133191
05000US39049,"Franklin County, OH",1310300
05000US39045,"Fairfield County, OH",155782
05000US01077,"Lauderdale County, AL",92387
05000US39169,"Wayne County, OH",115967
05000US39043,"Erie County, OH",74615
05000US39041,"Delaware County, OH",204826
05000US39173,"Wood County, OH",130696
05000US01081,"Lee County, AL",163941
05000US72097,"Mayagüez Municipio, PR",71986
05000US39035,"Cuyahoga County, OH",1243857
05000US39029,"Columbiana County, OH",102665
05000US01083,"Limestone County, AL",96174
05000US40017,"Canadian County, OK",144447
05000US39025,"Clermont County, OH",205466
05000US39023,"Clark County, OH",134585
05000US40027,"Cleveland County, OK",281669
05000US01089,"Madison County, AL",366519
05000US72061,"Guaynabo Municipio, PR",83787
05000US39017,"Butler County, OH",382378
05000US39013,"Belmont County, OH",67505
05000US01095,"Marshall County, AL",96109
05000US40031,"Comanche County, OK",120422
05000US39009,"Athens County, OH",65818
05000US39007,"Ashtabula County, OH",97493
05000US39003,"Allen County, OH",102663
05000US01097,"Mobile County, AL",413757
05000US72031,"Carolina Municipio, PR",147661
05000US40037,"Creek County, OK",71604
05000US38101,"Ward County, ND",67744
05000US01101,"Montgomery County, AL",225763
05000US38035,"Grand Forks County, ND",70770
05000US40101,"Muskogee County, OK",68362
05000US38017,"Cass County, ND",181516
05000US38015,"Burleigh County, ND",95273
05000US01103,"Morgan County, AL",119089
05000US72025,"Caguas Municipio, PR",124434
05000US40109,"Oklahoma County, OK",792582
05000US37195,"Wilson County, NC",81455
05000US01115,"St. Clair County, AL",88690
05000US37193,"Wilkes County, NC",68557
05000US40119,"Payne County, OK",82040
05000US37191,"Wayne County, NC",123248
05000US37183,"Wake County, NC",1092305
05000US01117,"Shelby County, AL",215707
05000US72021,"Bayamón Municipio, PR",170480
05000US40125,"Pottawatomie County, OK",72679
05000US37179,"Union County, NC",235908
05000US01121,"Talladega County, AL",79828
05000US37171,"Surry County, NC",71948
05000US40131,"Rogers County, OK",91984
05000US37161,"Rutherford County, NC",66826
05000US37159,"Rowan County, NC",141262
05000US01125,"Tuscaloosa County, AL",208911
05000US72013,"Arecibo Municipio, PR",82114
05000US40143,"Tulsa County, OK",648360
05000US37157,"Rockingham County, NC",90690
05000US01127,"Walker County, AL",63711
05000US37155,"Robeson County, NC",131831
05000US40145,"Wagoner County, OK",80110
05000US37151,"Randolph County, NC",143351
05000US37147,"Pitt County, NC",179914
05000US02020,"Anchorage Municipality, AK",291538
05000US56025,"Natrona County, WY",79115
05000US41003,"Benton County, OR",92101
05000US37135,"Orange County, NC",146027
05000US02090,"Fairbanks North Star Borough, AK",98971
05000US37133,"Onslow County, NC",197683
05000US41005,"Clackamas County, OR",416075
05000US37129,"New Hanover County, NC",232274
05000US37127,"Nash County, NC",94016
05000US02170,"Matanuska-Susitna Borough, AK",107610
05000US56021,"Laramie County, WY",98976
05000US41017,"Deschutes County, OR",191996
05000US37125,"Moore County, NC",98682
05000US04001,"Apache County, AZ",71818
05000US37119,"Mecklenburg County, NC",1093901
05000US41019,"Douglas County, OR",110283
05000US37109,"Lincoln County, NC",83770
05000US37101,"Johnston County, NC",202675
05000US04003,"Cochise County, AZ",126770
05000US55141,"Wood County, WI",73055
05000US41029,"Jackson County, OR",219564
05000US37097,"Iredell County, NC",178435
05000US04005,"Coconino County, AZ",142854
05000US37089,"Henderson County, NC",116748
05000US41033,"Josephine County, OR",87393
05000US37085,"Harnett County, NC",134214
05000US37081,"Guilford County, NC",533670
05000US04013,"Maricopa County, AZ",4410824
05000US55139,"Winnebago County, WI",171020
05000US41035,"Klamath County, OR",67653
05000US37071,"Gaston County, NC",222846
05000US04015,"Mohave County, AZ",209550
05000US37069,"Franklin County, NC",67560
05000US37067,"Forsyth County, NC",379099
05000US41039,"Lane County, OR",379611
05000US37063,"Durham County, NC",316739
05000US04017,"Navajo County, AZ",110445
05000US55133,"Waukesha County, WI",403072
05000US37057,"Davidson County, NC",166614
05000US41043,"Linn County, OR",127335
05000US04019,"Pima County, AZ",1039073
05000US37051,"Cumberland County, NC",332330
05000US37049,"Craven County, NC",102912
05000US41047,"Marion County, OR",346868
05000US37045,"Cleveland County, NC",97645
05000US04021,"Pinal County, AZ",447138
05000US55131,"Washington County, WI",135693
05000US37037,"Chatham County, NC",73139
05000US41051,"Multnomah County, OR",811880
05000US04025,"Yavapai County, AZ",231993
05000US37035,"Catawba County, NC",158652
05000US37031,"Carteret County, NC",69524
05000US41053,"Polk County, OR",85234
05000US37027,"Caldwell County, NC",82029
05000US04027,"Yuma County, AZ",212128
05000US55127,"Walworth County, WI",103718
05000US37025,"Cabarrus County, NC",211342
05000US41059,"Umatilla County, OR",77516
05000US05007,"Benton County, AR",272608
05000US37023,"Burke County, NC",90382
05000US37021,"Buncombe County, NC",259103
05000US41067,"Washington County, OR",597695
05000US37019,"Brunswick County, NC",136744
05000US05031,"Craighead County, AR",108558
05000US55117,"Sheboygan County, WI",115456
05000US37001,"Alamance County, NC",166436
05000US41071,"Yamhill County, OR",107002
05000US05045,"Faulkner County, AR",124806
05000US36119,"Westchester County, NY",967612
05000US36117,"Wayne County, NY",90064
05000US42001,"Adams County, PA",102811
05000US36113,"Warren County, NY",64265
05000US05051,"Garland County, AR",99154
05000US55109,"St. Croix County, WI",89694
05000US36111,"Ulster County, NY",178599
05000US42003,"Allegheny County, PA",1218452
05000US05069,"Jefferson County, AR",68114
05000US36109,"Tompkins County, NY",102793
05000US36105,"Sullivan County, NY",75498
05000US42005,"Armstrong County, PA",65263
05000US36103,"Suffolk County, NY",1481093
05000US05085,"Lonoke County, AR",73657
05000US55105,"Rock County, WI",163129
05000US36101,"Steuben County, NY",95796
05000US42007,"Beaver County, PA",164742
05000US05119,"Pulaski County, AR",392680
05000US36093,"Schenectady County, NY",155350
05000US36091,"Saratoga County, NY",230163
05000US42011,"Berks County, PA",420152
05000US36089,"St. Lawrence County, NY",108047
05000US05125,"Saline County, AR",121421
05000US55101,"Racine County, WI",196584
05000US36087,"Rockland County, NY",325695
05000US42013,"Blair County, PA",122492
05000US05131,"Sebastian County, AR",127753
05000US36085,"Richmond County, NY",476179
05000US36083,"Rensselaer County, NY",159442
05000US42017,"Bucks County, PA",628195
05000US36081,"Queens County, NY",2278906
05000US05143,"Washington County, AR",236961
05000US55097,"Portage County, WI",70942
05000US36079,"Putnam County, NY",98892
05000US42019,"Butler County, PA",187888
05000US05145,"White County, AR",78727
05000US36075,"Oswego County, NY",117898
05000US36071,"Orange County, NY",381951
05000US42021,"Cambria County, PA",131730
05000US36069,"Ontario County, NY",109864
05000US06001,"Alameda County, CA",1666753
05000US55089,"Ozaukee County, WI",89147
05000US36067,"Onondaga County, NY",461809
05000US42025,"Carbon County, PA",64227
05000US06007,"Butte County, CA",231256
05000US36065,"Oneida County, NY",229577
05000US36063,"Niagara County, NY",210433
05000US42027,"Centre County, PA",162805
05000US36061,"New York County, NY",1628701
05000US06013,"Contra Costa County, CA",1150215
05000US55087,"Outagamie County, WI",187365
05000US36059,"Nassau County, NY",1358343
05000US42029,"Chester County, PA",522046
05000US06017,"El Dorado County, CA",190678
05000US36055,"Monroe County, NY",742474
05000US36053,"Madison County, NY",70795
05000US42033,"Clearfield County, PA",79388
05000US36051,"Livingston County, NY",63227
05000US06019,"Fresno County, CA",994400
05000US55079,"Milwaukee County, WI",948201
05000US36047,"Kings County, NY",2582830
05000US42037,"Columbia County, PA",65456
05000US06023,"Humboldt County, CA",136373
05000US36045,"Jefferson County, NY",111755
05000US36029,"Erie County, NY",919719
05000US42039,"Crawford County, PA",85063
05000US36027,"Dutchess County, NY",293718
05000US06025,"Imperial County, CA",181827
05000US55073,"Marathon County, WI",135428
05000US36019,"Clinton County, NY",80695
05000US42041,"Cumberland County, PA",251423
05000US06029,"Kern County, CA",896764
05000US36015,"Chemung County, NY",84254
05000US36013,"Chautauqua County, NY",127939
05000US42043,"Dauphin County, PA",277097
05000US36011,"Cayuga County, NY",77145
05000US06031,"Kings County, CA",151366
05000US55071,"Manitowoc County, WI",79074
05000US36009,"Cattaraugus County, NY",76840
05000US42045,"Delaware County, PA",564751
05000US06033,"Lake County, CA",64382
05000US36007,"Broome County, NY",191659
05000US36005,"Bronx County, NY",1432132
05000US42049,"Erie County, PA",272061
05000US36001,"Albany County, NY",307117
05000US06037,"Los Angeles County, CA",10105518
05000US55063,"La Crosse County, WI",118230
05000US35061,"Valencia County, NM",76456
05000US42051,"Fayette County, PA",130441
05000US06039,"Madera County, CA",157672
05000US35049,"Santa Fe County, NM",150056
05000US35045,"San Juan County, NM",125043
05000US42055,"Franklin County, PA",154835
05000US35043,"Sandoval County, NM",145179
05000US06041,"Marin County, CA",259666
05000US55059,"Kenosha County, WI",169290
05000US35035,"Otero County, NM",66781
05000US42063,"Indiana County, PA",84501
05000US06045,"Mendocino County, CA",87606
05000US35031,"McKinley County, NM",72290
05000US35025,"Lea County, NM",69611
05000US42069,"Lackawanna County, PA",210793
05000US35013,"Doña Ana County, NM",217522
05000US06047,"Merced County, CA",274765
05000US55055,"Jefferson County, WI",85129
05000US35005,"Chaves County, NM",64689
05000US42071,"Lancaster County, PA",543557
05000US06053,"Monterey County, CA",435594
05000US35001,"Bernalillo County, NM",678701
05000US34041,"Warren County, NJ",105779
05000US42073,"Lawrence County, PA",86184
05000US34039,"Union County, NJ",558067
05000US06055,"Napa County, CA",139417
05000US55039,"Fond du Lac County, WI",103066
05000US34037,"Sussex County, NJ",140799
05000US42075,"Lebanon County, PA",141314
05000US06057,"Nevada County, CA",99696
05000US34035,"Somerset County, NJ",331164
05000US34033,"Salem County, NJ",62607
05000US42077,"Lehigh County, PA",368100
05000US34031,"Passaic County, NJ",503310
05000US06059,"Orange County, CA",3185968
05000US55035,"Eau Claire County, WI",104534
05000US34029,"Ocean County, NJ",601651
05000US42079,"Luzerne County, PA",317646
05000US06061,"Placer County, CA",393149
05000US34027,"Morris County, NJ",494228
05000US34025,"Monmouth County, NJ",621354
05000US42081,"Lycoming County, PA",113664
05000US34023,"Middlesex County, NJ",829685
05000US06065,"Riverside County, CA",2450758
05000US55027,"Dodge County, WI",87847
05000US34021,"Mercer County, NJ",369811
05000US42085,"Mercer County, PA",110683
05000US06067,"Sacramento County, CA",1540975
05000US34019,"Hunterdon County, NJ",124714
05000US34017,"Hudson County, NJ",676061
05000US42089,"Monroe County, PA",169507
05000US34015,"Gloucester County, NJ",291408
05000US06071,"San Bernardino County, CA",2171603
05000US55025,"Dane County, WI",542364
05000US34013,"Essex County, NJ",799767
05000US42091,"Montgomery County, PA",828604
05000US06073,"San Diego County, CA",3343364
05000US34011,"Cumberland County, NJ",150972
05000US34009,"Cape May County, NJ",92560
05000US42095,"Northampton County, PA",304807
05000US34007,"Camden County, NJ",507078
05000US06075,"San Francisco County, CA",883305
05000US55009,"Brown County, WI",263378
05000US34005,"Burlington County, NJ",445384
05000US42097,"Northumberland County, PA",91083
05000US06077,"San Joaquin County, CA",752660
05000US34003,"Bergen County, NJ",936692
05000US34001,"Atlantic County, NJ",265429
05000US42101,"Philadelphia County, PA",1584138
05000US33017,"Strafford County, NH",130090
05000US06079,"San Luis Obispo County, CA",284010
05000US54107,"Wood County, WV",84203
05000US33015,"Rockingham County, NH",309176
05000US42107,"Schuylkill County, PA",142067
05000US06081,"San Mateo County, CA",769545
05000US33013,"Merrimack County, NH",151132
05000US33011,"Hillsborough County, NH",415247
05000US42111,"Somerset County, PA",73952
05000US33009,"Grafton County, NH",89786
05000US06083,"Santa Barbara County, CA",446527
05000US54081,"Raleigh County, WV",74254
05000US33005,"Cheshire County, NH",76493
05000US42125,"Washington County, PA",207346
05000US06085,"Santa Clara County, CA",1937570
05000US32031,"Washoe County, NV",465735
05000US32003,"Clark County, NV",2231647
05000US42129,"Westmoreland County, PA",350611
05000US31153,"Sarpy County, NE",184459
05000US06087,"Santa Cruz County, CA",274255
05000US54061,"Monongalia County, WV",106420
05000US31109,"Lancaster County, NE",317272
05000US42133,"York County, PA",448273
05000US06089,"Shasta County, CA",180040
05000US31055,"Douglas County, NE",566880
05000US30111,"Yellowstone County, MT",160137
05000US44003,"Kent County, RI",163861
05000US30063,"Missoula County, MT",118791
05000US06095,"Solano County, CA",446610
05000US54039,"Kanawha County, WV",180454
05000US30049,"Lewis and Clark County, MT",68700
05000US44005,"Newport County, RI",82542
05000US06097,"Sonoma County, CA",499942
05000US30031,"Gallatin County, MT",111876
05000US30029,"Flathead County, MT",102106
05000US44007,"Providence County, RI",636084
05000US30013,"Cascade County, MT",81643
05000US06099,"Stanislaus County, CA",549815
05000US54033,"Harrison County, WV",67554
05000US29510,"St. Louis city, MO",302838
05000US44009,"Washington County, RI",126179
05000US06101,"Sutter County, CA",96807
05000US29189,"St. Louis County, MO",996945
05000US29187,"St. Francois County, MO",66692
05000US45003,"Aiken County, SC",169401
05000US29183,"St. Charles County, MO",399182
05000US06107,"Tulare County, CA",465861
05000US54011,"Cabell County, WV",93224
05000US29165,"Platte County, MO",102985
05000US45007,"Anderson County, SC",200482
05000US06111,"Ventura County, CA",850967
05000US29099,"Jefferson County, MO",224347
05000US29097,"Jasper County, MO",120636
05000US45013,"Beaufort County, SC",188715
05000US29095,"Jackson County, MO",700307
05000US06113,"Yolo County, CA",220408
05000US54003,"Berkeley County, WV",117123
05000US29077,"Greene County, MO",291923
05000US45015,"Berkeley County, SC",221091
05000US06115,"Yuba County, CA",78041
05000US29071,"Franklin County, MO",103670
05000US29051,"Cole County, MO",76796
05000US45019,"Charleston County, SC",405905
05000US29047,"Clay County, MO",246365
05000US08001,"Adams County, CO",511868
05000US53077,"Yakima County, WA",251446
05000US29043,"Christian County, MO",86983
05000US45031,"Darlington County, SC",66802
05000US08005,"Arapahoe County, CO",651215
05000US29037,"Cass County, MO",104954
05000US29031,"Cape Girardeau County, MO",78753
05000US45035,"Dorchester County, SC",160647
05000US29021,"Buchanan County, MO",88571
05000US08013,"Boulder County, CO",326078
05000US29019,"Boone County, MO",180005
05000US45041,"Florence County, SC",138159
05000US08014,"Broomfield County, CO",69267
05000US53073,"Whatcom County, WA",225685
05000US28121,"Rankin County, MS",153902
05000US28089,"Madison County, MS",105630
05000US08031,"Denver County, CO",716492
05000US45045,"Greenville County, SC",514213
05000US28081,"Lee County, MS",85202
05000US28075,"Lauderdale County, MS",75317
05000US45047,"Greenwood County, SC",70741
05000US08035,"Douglas County, CO",342776
05000US53067,"Thurston County, WA",286419
05000US28067,"Jones County, MS",68461
05000US28059,"Jackson County, MS",143277
05000US08041,"El Paso County, CO",713856
05000US45051,"Horry County, SC",344147
05000US28049,"Hinds County, MS",237085
05000US45055,"Kershaw County, SC",65592
05000US28047,"Harrison County, MS",206650
05000US08059,"Jefferson County, CO",580233
05000US53063,"Spokane County, WA",514631
05000US28035,"Forrest County, MS",75036
05000US45057,"Lancaster County, SC",95380
05000US08069,"Larimer County, CO",350518
05000US28033,"DeSoto County, MS",182001
05000US27171,"Wright County, MN",136349
05000US45059,"Laurens County, SC",66994
05000US27163,"Washington County, MN",259201
05000US08077,"Mesa County, CO",153207
05000US53061,"Snohomish County, WA",814901
05000US27145,"Stearns County, MN",159256
05000US45063,"Lexington County, SC",295032
05000US08101,"Pueblo County, CO",167529
05000US27141,"Sherburne County, MN",96036
05000US27139,"Scott County, MN",147381
05000US45073,"Oconee County, SC",78374
05000US27137,"St. Louis County, MN",199754
05000US08123,"Weld County, CO",314305
05000US53057,"Skagit County, WA",128206
05000US27131,"Rice County, MN",66523
05000US45075,"Orangeburg County, SC",86934
05000US09001,"Fairfield County, CT",943823
05000US27123,"Ramsey County, MN",550210
05000US27109,"Olmsted County, MN",156277
05000US45077,"Pickens County, SC",124937
05000US27053,"Hennepin County, MN",1259428
05000US09003,"Hartford County, CT",892697
05000US53053,"Pierce County, WA",891299
05000US27037,"Dakota County, MN",425423
05000US45079,"Richland County, SC",414576
05000US09005,"Litchfield County, CT",181111
05000US27019,"Carver County, MN",103551
05000US27013,"Blue Earth County, MN",67427
05000US45083,"Spartanburg County, SC",313888
05000US27003,"Anoka County, MN",353813
05000US09007,"Middlesex County, CT",162682
05000US53045,"Mason County, WA",65507
05000US26163,"Wayne County, MI",1753893
05000US45085,"Sumter County, SC",106512
05000US09009,"New Haven County, CT",857620
05000US53041,"Lewis County, WA",79604
05000US26161,"Washtenaw County, MI",370963
05000US26159,"Van Buren County, MI",75448
05000US45091,"York County, SC",274118
05000US09011,"New London County, CT",266784
05000US26155,"Shiawassee County, MI",68192
05000US26147,"St. Clair County, MI",159337
05000US46099,"Minnehaha County, SD",192876
05000US09013,"Tolland County, CT",150921
05000US53035,"Kitsap County, WA",269805
05000US26145,"Saginaw County, MI",190800
05000US26139,"Ottawa County, MI",290494
05000US46103,"Pennington County, SD",111729
05000US09015,"Windham County, CT",117027
05000US26125,"Oakland County, MI",1259201
05000US26121,"Muskegon County, MI",173588
05000US47001,"Anderson County, TN",76482
05000US10001,"Kent County, DE",178550
05000US53033,"King County, WA",2233163
05000US26115,"Monroe County, MI",150439
05000US26111,"Midland County, MI",83209
05000US47009,"Blount County, TN",131349
05000US10003,"New Castle County, DE",559335
05000US26103,"Marquette County, MI",66516
05000US26099,"Macomb County, MI",874759
05000US47011,"Bradley County, TN",106727
05000US10005,"Sussex County, DE",229286
05000US53029,"Island County, WA",84460
05000US26093,"Livingston County, MI",191224
05000US26091,"Lenawee County, MI",98266
05000US47037,"Davidson County, TN",692587
05000US11001,"District of Columbia, DC",702455
05000US26087,"Lapeer County, MI",88028
05000US26081,"Kent County, MI",653786
05000US47059,"Greene County, TN",69087
05000US12001,"Alachua County, FL",269956
05000US53027,"Grays Harbor County, WA",73901
05000US26077,"Kalamazoo County, MI",264870
05000US26075,"Jackson County, MI",158823
05000US47065,"Hamilton County, TN",364286
05000US12005,"Bay County, FL",185287
05000US26073,"Isabella County, MI",70562
05000US26065,"Ingham County, MI",292735
05000US47093,"Knox County, TN",465289
05000US12009,"Brevard County, FL",596849
05000US53025,"Grant County, WA",97331
05000US26055,"Grand Traverse County, MI",92573
05000US26049,"Genesee County, MI",406892
05000US47113,"Madison County, TN",97605
05000US12011,"Broward County, FL",1951260
05000US26045,"Eaton County, MI",109826
05000US26037,"Clinton County, MI",79332
05000US47119,"Maury County, TN",94340
05000US12015,"Charlotte County, FL",184998
05000US53021,"Franklin County, WA",94347
05000US26025,"Calhoun County, MI",134487
05000US26021,"Berrien County, MI",154141
05000US47125,"Montgomery County, TN",205950
05000US12017,"Citrus County, FL",147929
05000US26017,"Bay County, MI",103923
05000US26005,"Allegan County, MI",117327
05000US47141,"Putnam County, TN",78843
05000US12019,"Clay County, FL",216072
05000US53015,"Cowlitz County, WA",108987
05000US25027,"Worcester County, MA",830839
05000US25025,"Suffolk County, MA",807252
05000US47147,"Robertson County, TN",71012
05000US12021,"Collier County, FL",378488
05000US25023,"Plymouth County, MA",518132
05000US25021,"Norfolk County, MA",705388
05000US47149,"Rutherford County, TN",324890
05000US12023,"Columbia County, FL",70503
05000US53011,"Clark County, WA",481857
05000US25017,"Middlesex County, MA",1614714
05000US25015,"Hampshire County, MA",161355
05000US47155,"Sevier County, TN",97892
05000US12031,"Duval County, FL",950181
05000US25013,"Hampden County, MA",470406
05000US25011,"Franklin County, MA",70963
05000US47157,"Shelby County, TN",935764
05000US12033,"Escambia County, FL",315534
05000US53009,"Clallam County, WA",76737
05000US25009,"Essex County, MA",790638
05000US25005,"Bristol County, MA",564022
05000US47163,"Sullivan County, TN",157668
05000US12035,"Flagler County, FL",112067
05000US25003,"Berkshire County, MA",126348
05000US25001,"Barnstable County, MA",213413
05000US47165,"Sumner County, TN",187149
05000US12053,"Hernando County, FL",190865
05000US53007,"Chelan County, WA",77036
05000US24510,"Baltimore city, MD",602495
05000US24045,"Wicomico County, MD",103195
05000US47179,"Washington County, TN",128607
05000US12055,"Highlands County, FL",105424
05000US24043,"Washington County, MD",150926
05000US24037,"St. Mary's County, MD",112664
05000US47187,"Williamson County, TN",231729
05000US12057,"Hillsborough County, FL",1436888
05000US53005,"Benton County, WA",201877
05000US24033,"Prince George's County, MD",909308
05000US24031,"Montgomery County, MD",1052567
05000US47189,"Wilson County, TN",140625
05000US12061,"Indian River County, FL",157413
05000US24027,"Howard County, MD",323196
05000US24025,"Harford County, MD",253956
05000US48005,"Angelina County, TX",87092
05000US12069,"Lake County, FL",356495
05000US51810,"Virginia Beach city, VA",450189
05000US24021,"Frederick County, MD",255648
05000US24017,"Charles County, MD",161503
05000US48021,"Bastrop County, TX",86976
05000US12071,"Lee County, FL",754610
05000US24015,"Cecil County, MD",102826
05000US24013,"Carroll County, MD",168429
05000US48027,"Bell County, TX",355642
05000US12073,"Leon County, FL",292502
05000US51800,"Suffolk city, VA",91185
05000US24009,"Calvert County, MD",92003
05000US24005,"Baltimore County, MD",828431
05000US48029,"Bexar County, TX",1986049
05000US12081,"Manatee County, FL",394855
05000US24003,"Anne Arundel County, MD",576031
05000US48037,"Bowie County, TX",94324
05000US24001,"Allegany County, MD",70975
05000US12083,"Marion County, FL",359977
05000US51770,"Roanoke city, VA",99920
05000US23031,"York County, ME",206229
05000US48039,"Brazoria County, TX",370200
05000US23019,"Penobscot County, ME",151096
05000US12085,"Martin County, FL",160912
05000US23011,"Kennebec County, ME",122083
05000US48041,"Brazos County, TX",226758
05000US23005,"Cumberland County, ME",293557
05000US12086,"Miami-Dade County, FL",2761581
05000US51760,"Richmond city, VA",228783
05000US23003,"Aroostook County, ME",67111
05000US48061,"Cameron County, TX",423908
05000US23001,"Androscoggin County, ME",107679
05000US12087,"Monroe County, FL",75027
05000US22109,"Terrebonne Parish, LA",111021
05000US48085,"Collin County, TX",1005146
05000US22105,"Tangipahoa Parish, LA",133777
05000US12089,"Nassau County, FL",85832
05000US51740,"Portsmouth city, VA",94632
05000US22103,"St. Tammany Parish, LA",258111
05000US48091,"Comal County, TX",148373
05000US22097,"St. Landry Parish, LA",82764
05000US12091,"Okaloosa County, FL",207269
05000US22079,"Rapides Parish, LA",130562
05000US48099,"Coryell County, TX",74808
05000US22073,"Ouachita Parish, LA",154475
05000US12095,"Orange County, FL",1380645
05000US51710,"Norfolk city, VA",244076
05000US22071,"Orleans Parish, LA",391006
05000US48113,"Dallas County, TX",2637772
05000US22063,"Livingston Parish, LA",139567
05000US12097,"Osceola County, FL",367990
05000US22057,"Lafourche Parish, LA",98115
05000US48121,"Denton County, TX",859064
05000US22055,"Lafayette Parish, LA",242782
05000US12099,"Palm Beach County, FL",1485941
05000US51700,"Newport News city, VA",178626
05000US22051,"Jefferson Parish, LA",434051
05000US48135,"Ector County, TX",162124
05000US22045,"Iberia Parish, LA",70941
05000US12101,"Pasco County, FL",539630
05000US22033,"East Baton Rouge Parish, LA",440956
05000US48139,"Ellis County, TX",179436
05000US22019,"Calcasieu Parish, LA",203112
05000US12103,"Pinellas County, FL",975280
05000US51680,"Lynchburg city, VA",82126
05000US22017,"Caddo Parish, LA",242922
05000US48141,"El Paso County, TX",840758
05000US22015,"Bossier Parish, LA",127185
05000US12105,"Polk County, FL",708009
05000US22005,"Ascension Parish, LA",124672
05000US48157,"Fort Bend County, TX",787858
05000US21227,"Warren County, KY",131264
05000US12107,"Putnam County, FL",74163
05000US51650,"Hampton city, VA",134313
05000US48167,"Galveston County, TX",337890
05000US21185,"Oldham County, KY",66470
05000US21151,"Madison County, KY",92368
05000US12109,"St. Johns County, FL",254261
05000US21145,"McCracken County, KY",65346
05000US48181,"Grayson County, TX",133991
05000US21117,"Kenton County, KY",166051
05000US12111,"St. Lucie County, FL",321128
05000US51550,"Chesapeake city, VA",242634
05000US21111,"Jefferson County, KY",770517
05000US48183,"Gregg County, TX",123707
05000US21093,"Hardin County, KY",110356
05000US12113,"Santa Rosa County, FL",179349
05000US21067,"Fayette County, KY",323780
05000US48187,"Guadalupe County, TX",163694
05000US21059,"Daviess County, KY",101104
05000US12115,"Sarasota County, FL",426718
05000US51510,"Alexandria city, VA",160530
05000US21047,"Christian County, KY",71671
05000US48201,"Harris County, TX",4698619
05000US21037,"Campbell County, KY",93152
05000US12117,"Seminole County, FL",467832
05000US21029,"Bullitt County, KY",81069
05000US48203,"Harrison County, TX",66726
05000US21015,"Boone County, KY",131533
05000US12119,"Sumter County, FL",128754
05000US51199,"York County, VA",67846
05000US20209,"Wyandotte County, KS",165324
05000US48209,"Hays County, TX",222631
05000US20177,"Shawnee County, KS",177499
05000US12127,"Volusia County, FL",547538
05000US20173,"Sedgwick County, KS",513607
05000US48213,"Henderson County, TX",82299
05000US12131,"Walton County, FL",71375
05000US20161,"Riley County, KS",73703
05000US20103,"Leavenworth County, KS",81352
05000US48215,"Hidalgo County, TX",865939
05000US13013,"Barrow County, GA",80809
05000US51179,"Stafford County, VA",149960
05000US20091,"Johnson County, KS",597555
05000US20045,"Douglas County, KS",121436
05000US48231,"Hunt County, TX",96493
05000US13015,"Bartow County, GA",106408
05000US20015,"Butler County, KS",66765
05000US19193,"Woodbury County, IA",102539
05000US48245,"Jefferson County, TX",255001
05000US13021,"Bibb County, GA",153095
05000US51177,"Spotsylvania County, VA",134238
05000US19169,"Story County, IA",98105
05000US19163,"Scott County, IA",173283
05000US48251,"Johnson County, TX",171361
05000US13031,"Bulloch County, GA",77296
05000US19155,"Pottawattamie County, IA",93533
05000US19153,"Polk County, IA",487204
05000US48257,"Kaufman County, TX",128622
05000US13045,"Carroll County, GA",118121
05000US51165,"Rockingham County, VA",81244
05000US19113,"Linn County, IA",225909
05000US19103,"Johnson County, IA",151260
05000US48291,"Liberty County, TX",86323
05000US13047,"Catoosa County, GA",67420
05000US19061,"Dubuque County, IA",96854
05000US19049,"Dallas County, IA",90180
05000US48303,"Lubbock County, TX",307412
05000US13051,"Chatham County, GA",289195
05000US51161,"Roanoke County, VA",94073
05000US19013,"Black Hawk County, IA",132408
05000US18177,"Wayne County, IN",65936
05000US48309,"McLennan County, TX",254607
05000US13057,"Cherokee County, GA",254149
05000US18167,"Vigo County, IN",107386
05000US18163,"Vanderburgh County, IN",180974
05000US48329,"Midland County, TX",172578
05000US13059,"Clarke County, GA",127330
05000US51153,"Prince William County, VA",468011
05000US18157,"Tippecanoe County, IN",193048
05000US18141,"St. Joseph County, IN",270771
05000US48339,"Montgomery County, TX",590925
05000US13063,"Clayton County, GA",289615
05000US18127,"Porter County, IN",169594
05000US18109,"Morgan County, IN",70116
05000US48347,"Nacogdoches County, TX",65711
05000US13067,"Cobb County, GA",756865
05000US51121,"Montgomery County, VA",98985
05000US18105,"Monroe County, IN",146917
05000US18097,"Marion County, IN",954670
05000US48355,"Nueces County, TX",362265
05000US13073,"Columbia County, GA",154291
05000US18095,"Madison County, IN",129641
05000US18091,"LaPorte County, IN",110007
05000US48361,"Orange County, TX",83572
05000US13077,"Coweta County, GA",145864
05000US51107,"Loudoun County, VA",406850
05000US18089,"Lake County, IN",484411
05000US18085,"Kosciusko County, IN",79344
05000US48367,"Parker County, TX",138371
05000US13089,"DeKalb County, GA",756558
05000US18081,"Johnson County, IN",156225
05000US18067,"Howard County, IN",82366
05000US48375,"Potter County, TX",119648
05000US13095,"Dougherty County, GA",91243
05000US51095,"James City County, VA",76397
05000US18063,"Hendricks County, IN",167009
05000US18059,"Hancock County, IN",76351
05000US48381,"Randall County, TX",136271
05000US13097,"Douglas County, GA",145331
05000US18057,"Hamilton County, IN",330086
05000US18053,"Grant County, IN",65936
05000US48397,"Rockwall County, TX",100657
05000US13113,"Fayette County, GA",113459
05000US51087,"Henrico County, VA",329261
05000US18043,"Floyd County, IN",77781
05000US18039,"Elkhart County, IN",205560
05000US48409,"San Patricio County, TX",66893
05000US13115,"Floyd County, GA",97927
05000US18035,"Delaware County, IN",114772
05000US18019,"Clark County, IN",117360
05000US48423,"Smith County, TX",230221
05000US13117,"Forsyth County, GA",236612
05000US51085,"Hanover County, VA",107239
05000US18011,"Boone County, IN",66999
05000US18005,"Bartholomew County, IN",82753
05000US18003,"Allen County, IN",375351
05000US13121,"Fulton County, GA",1050114
05000US48439,"Tarrant County, TX",2084931
05000US17201,"Winnebago County, IL",284081
05000US17199,"Williamson County, IL",67056
05000US13127,"Glynn County, GA",85219
05000US51069,"Frederick County, VA",88355
05000US48441,"Taylor County, TX",137640
05000US17197,"Will County, IL",692310
05000US17183,"Vermilion County, IL",76806
05000US13135,"Gwinnett County, GA",927781
05000US48451,"Tom Green County, TX",118189
05000US17179,"Tazewell County, IL",132328
05000US17167,"Sangamon County, IL",195348
05000US13139,"Hall County, GA",202148
05000US51061,"Fauquier County, VA",70675
05000US48453,"Travis County, TX",1248743
05000US17163,"St. Clair County, IL",261059
05000US17161,"Rock Island County, IL",143477
05000US13151,"Henry County, GA",230220
05000US48469,"Victoria County, TX",92035
05000US17143,"Peoria County, IL",180621
05000US17119,"Madison County, IL",264461
05000US13153,"Houston County, GA",155469
05000US48471,"Walker County, TX",72480
05000US13157,"Jackson County, GA",70422
05000US51059,"Fairfax County, VA",1150795
05000US17115,"Macon County, IL",104712
05000US17113,"McLean County, IL",172828
05000US48479,"Webb County, TX",275910
05000US17111,"McHenry County, IL",308570
05000US17099,"LaSalle County, IL",109430
05000US13185,"Lowndes County, GA",116321
05000US51041,"Chesterfield County, VA",348556
05000US48485,"Wichita County, TX",132064
05000US17097,"Lake County, IL",700832
05000US17093,"Kendall County, IL",127915
05000US13215,"Muscogee County, GA",194160
05000US48491,"Williamson County, TX",566719
05000US17091,"Kankakee County, IL",110024
05000US48497,"Wise County, TX",68305
05000US13217,"Newton County, GA",109541
05000US51019,"Bedford County, VA",78747
05000US17089,"Kane County, IL",534216
05000US17043,"DuPage County, IL",928589
05000US49005,"Cache County, UT",127068
05000US13223,"Paulding County, GA",164044
05000US17037,"DeKalb County, IL",104143
05000US17031,"Cook County, IL",5180493
05000US49011,"Davis County, UT",351713
05000US13245,"Richmond County, GA",201554
05000US51015,"Augusta County, VA",75457
05000US17019,"Champaign County, IL",209983
05000US17001,"Adams County, IL",65691
05000US49035,"Salt Lake County, UT",1152633
05000US13247,"Rockdale County, GA",90594
05000US16083,"Twin Falls County, ID",86081
05000US13255,"Spalding County, GA",66100
05000US49045,"Tooele County, UT",69907
05000US16055,"Kootenai County, ID",161505
05000US16027,"Canyon County, ID",223499
05000US13285,"Troup County, GA",70034
05000US51013,"Arlington County, VA",237521
05000US49049,"Utah County, UT",622213
05000US16019,"Bonneville County, ID",116854
05000US16005,"Bannock County, ID",87138
05000US13295,"Walker County, GA",69410
05000US49053,"Washington County, UT",171700
05000US16001,"Ada County, ID",469966
05000US15009,"Maui County, HI",167218
05000US13297,"Walton County, GA",93503
05000US51003,"Albemarle County, VA",108718
05000US49057,"Weber County, UT",256359
05000US15007,"Kauai County, HI",72133
05000US15003,"Honolulu County, HI",980080
05000US13313,"Whitfield County, GA",104062
05000US50007,"Chittenden County, VT",164572
05000US15001,"Hawaii County, HI",200983
05000US13179,"Liberty County, GA",
05000US21195,"Pike County, KY",
